channelName,title,channelId,url,gender,rank,description,countryCode,viewCount,subscriberCount,videoCount,publishedAt,uploads,publishedDate,country,countryOther,continent,year,yearClass,subscriberCountClass
Programming with Mosh,Programming with Mosh,UCWv7vMbMWH4-V0ZXdmDpPBA,https://www.youtube.com/c/programmingwithmosh/videos,Male,1,"I train professional software engineers that companies love to hire. 

My courses: http://codewithmosh.com 

My blog: http://programmingwithmosh.com

Connect on social media: 

http://www.twitter.com/moshhamedani

https://www.facebook.com/programmingwithmosh

#python #javascript #chsarp",AU,82263182,1830000,161,2014-10-07T00:40:53Z,UUWv7vMbMWH4-V0ZXdmDpPBA,2014-10-07,Australia,Australia,Oceania,2014,"(2010.0, 2015.0]","(683500.0, 2460000.0]"
Traversy Media,Traversy Media,UC29ju8bIPH5as8OGnQzwJyA,https://www.youtube.com/user/TechGuyWeb,Male,2,"Traversy Media features the best online web development and programming tutorials for all of the latest web technologies from the building blocks of HTML, CSS & JavaScript to frontend frameworks like React and Vue to backend technologies like Node.js, Python and PHP",US,142390124,1560000,881,2009-10-30T21:33:14Z,UU29ju8bIPH5as8OGnQzwJyA,2009-10-30,United States,United States,North america,2009,"(2005.999, 2010.0]","(683500.0, 2460000.0]"
Corey Schafer,Corey Schafer,UCCezIgC97PvUuR4_gbFUs5g,https://www.youtube.com/user/schafer5,Male,3,"Welcome to my Channel. This channel is focused on creating tutorials and walkthroughs for software developers, programmers, and engineers. We cover topics for all different skill levels, so whether you are a beginner or have many years of experience, this channel will have something for you.

We've already released a wide variety of videos on topics that include: Python, Git, Development Environments, Terminal Commands, SQL, Programming Terms, JavaScript, Computer Science Fundamentals, and plenty of other tips and tricks which will help you in your career.


If you enjoy these videos and would like to support my channel, I would greatly appreciate any assistance through my Patreon account:
https://www.patreon.com/coreyms


You can find me on:
My website - http://coreyms.com/
Facebook - https://www.facebook.com/CoreyMSchafer
Twitter - https://twitter.com/CoreyMSchafer
Google Plus - https://plus.google.com/+CoreySchafer44/posts
Tumblr - https://www.tumblr.com/blog/mycms",US,58863870,792000,230,2006-05-31T22:49:22Z,UUCezIgC97PvUuR4_gbFUs5g,2006-05-31,United States,United States,North america,2006,"(2005.999, 2010.0]","(683500.0, 2460000.0]"
Tech With Tim,Tech With Tim,UC4JX40jDee_tINbkjycV4Sg,https://m.youtube.com/channel/UC4JX40jDee_tINbkjycV4Sg,Male,4,"Learn programming, software engineering, machine learning and everything tech from this channel. With a special emphasis on python and javascript my channel aims to give you free resources so that you can learn to code and dive into the software engineering and programming industry. My goal is to provide the highest quality programming and tech videos on the internet! ",CA,51968790,680000,602,2014-04-23T01:57:10Z,UU4JX40jDee_tINbkjycV4Sg,2014-04-23,Canada,Canada,North america,2014,"(2010.0, 2015.0]","(97250.0, 683500.0]"
Krish Naik,Krish Naik,UCNU_lfiiWBdtULKOw6X0Dig,https://www.youtube.com/user/krishnaik06/playlists,Male,5,"I work as a Lead Data Scientist, pioneering in machine learning, deep learning, and computer vision,an educator, and a mentor, with over 8 years' experience in the industry. This is my YouTube channel where I explain various topics on machine learning, deep learning, and AI with many real-world problem scenarios. I have delivered over 30 tech talks on data science, machine learning, and AI at various meet-ups, technical institutions, and community-arranged forums. My main aim is to make everyone familiar of ML and AI.Please subscribe and support the channel. As i love new technology, all these videos are free and I promise to make more interesting content as we go ahead.

Please free to drop a mail for Product unboxing, GPU's unboxing and any other collaboration",IN,28303465,390000,1102,2012-02-11T04:05:06Z,UUNU_lfiiWBdtULKOw6X0Dig,2012-02-11,India,India,Asia,2012,"(2010.0, 2015.0]","(97250.0, 683500.0]"
Hitesh Choudhary,Hitesh Choudhary,UCXgGY0wkgOzynnHvSEVmE3A,https://www.youtube.com/c/HiteshChoudharydotcom,Male,7,"Website: https://courses.LearnCodeOnline.in
Hey there everyone, Hitesh here back again with another video!
This means I create a lot of videos, every single week. I cover a wide range of subjects like programming, what's latest in tech, new frameworks, open-source products etc. I keep my interest in a wide area of tech like Javascript, Python, PHP, Machine Learning, etc.


For the Business purpose, Sponsorships and invitation, reach out at hitesh@lco.dev

NOTE: Personal questions and code-related questions are not answered at this email. Post them in the course discussion section or react me out at social platforms.

#iWriteCode

Instagram: https://instagram.com/hiteshchoudharyofficial
Facebook: www.fb.com/HiteshChoudharyPage",IN,38006103,641000,1023,2011-10-24T10:25:16Z,UUXgGY0wkgOzynnHvSEVmE3A,2011-10-24,India,India,Asia,2011,"(2010.0, 2015.0]","(97250.0, 683500.0]"
Clever Programmer,Clever Programmer,UCqrILQNl5Ed9Dz6CGMyvMTQ,https://m.youtube.com/cleverprogrammer?uid=qrILQNl5Ed9Dz6CGMyvMTQ,Male,8,"You can find awesome programming lessons here! Also, expect programming tips and tricks that will take your coding skills to the next level.",US,41675095,978000,599,2016-03-12T08:59:15Z,UUqrILQNl5Ed9Dz6CGMyvMTQ,2016-03-12,United States,United States,North america,2016,"(2015.0, 2020.0]","(683500.0, 2460000.0]"
Caleb Curry,Caleb Curry,UCZUyPT9DkJWmS_DzdOi7RIA,https://www.youtube.com/user/CalebTheVideoMaker2,Male,9,"Programming Made Fun and Simple  

High quality tutorials that are fun, educational, and easy to follow.  Teaching programming is my passion!  I find joy in making complex material easy to understand.

I've decided that it is only right to upload videos of great quality and value.  Here you will find videos on C++, JavaScript, C, database design, SQL, and more!  As a side note, many videos contain horribly cheesy jokes and random stories...you've been warned.

As an Amazon Associate I earn from qualifying purchases.

Business inquiries: hello@calebcurry.com 
",US,28464740,385000,1387,2009-08-18T18:32:42Z,UUZUyPT9DkJWmS_DzdOi7RIA,2009-08-18,United States,United States,North america,2009,"(2005.999, 2010.0]","(97250.0, 683500.0]"
programming Hero,Programming Hero,UCStj-ORBZ7TGK1FwtGAUgbQ,https://www.youtube.com/channel/UCStj-ORBZ7TGK1FwtGAUgbQ,Male,10,"Learning is boring? Not any more. 
Programming is frustrating? No longer.

Go watch any of our videos and you'll start having a romantic perspective on programming. 

""Coding Just Got Fun With Programming Hero!"" ‚Äî Every Aspiring Programmer üòé

Stay tuned every week for fun, cool, and exciting programming tutorials, tips & tricks, advice & suggestion videos right onto your lap with hot Grandma. ‚ù§Ô∏è

(Hidden Message: We get beaten if we don't get nice subscribers even after eye-shattering views) Save us from Grandma by subscribing to this channel if you enjoyed even one video. üòÅ

Hit us with any kind of query on our Discord server (link below) and if needed we'll cut the call with our significant other to reply to you. 

Regards,
Grandma's First GrandKids üòâ

",US,5186511,212000,37,2019-04-13T16:32:45Z,UUStj-ORBZ7TGK1FwtGAUgbQ,2019-04-13,United States,United States,North america,2019,"(2015.0, 2020.0]","(97250.0, 683500.0]"
naveen Reddy,Telusko,UC59K-uG2A5ogwIrHw4bmlEg,https://www.youtube.com/c/Telusko,Male,11,"Hey Aliens!!!
I make free programming tutorials from beginner to advanced level
That includes Java for beginner, Advanced Java, Python, Android, Blockchain, JavaScript, Kotlin, Scala, Spring Framework, Hibernate, C programming, Data Structures, Networking, REST API, and many more.
Sometimes I make videos on motivation and take sessions with Tech industry experts.
There is something for everyone here. 

If my videos have helped you in any way do support Telusko to make more content.
For Donation 
PayPal: https://goo.gl/ko8KrB
Patreon: https://goo.gl/rYLSCs
Instamojo: https://goo.gl/YSaZKT",IN,156108357,1400000,1469,2014-04-29T08:23:17Z,UU59K-uG2A5ogwIrHw4bmlEg,2014-04-29,India,India,Asia,2014,"(2010.0, 2015.0]","(683500.0, 2460000.0]"
Code Basics,codebasics,UCh9nVJoWXmFb7sLApWGcLPQ,https://www.youtube.com/c/codebasics,Male,12,"I am Dhaval Patel, a software engineer by profession and a teacher by heart. I've worked with Nvidia and Bloomberg. I strongly believe ""Anyone Can Code"" ! No matter what your background and past skill set is, you can learn programming if it is taught in a simplistic and intuitive way. The goal of this channel is to fulfill this vision by teaching the programming in most simplest and intuitive manner.
I teach simple programming, data science, data analytics, artificial intelligence, machine learning, data structures, software architecture etc on my channel.

Disclaimer: All the content and opinion expressed on this channel are of my own and not of my employer's.",US,20562153,343000,406,2015-11-07T17:29:46Z,UUh9nVJoWXmFb7sLApWGcLPQ,2015-11-07,United States,United States,North america,2015,"(2010.0, 2015.0]","(97250.0, 683500.0]"
Maximilian Schwarzm√ºller,Academind,UCSJbGtTlrDami-tDGPUV9-w,https://www.youtube.com/channel/UCSJbGtTlrDami-tDGPUV9-w,Male,13,"There's always something to learn!
We (Max & Manuel) create courses and tutorials that teach you everything related to web development. No matter if it's programming languages like JavaScript, runtimes like NodeJS or popular frameworks like ReactJS, Angular or VueJS (and much more!). We got you covered. :-)

‚Ä¢ Explore our content on www.academind.com
‚Ä¢ Follow @maxedapps and @academind_real on Twitter
‚Ä¢ Follow @academind_real on Instagram: https://www.instagram.com/academind_real
‚Ä¢ Join our Facebook community on https://www.facebook.com/academindchannel

See you in the videos!

Imprint: https://academind.com/impressum/en
Please only send business inquiries to the email address, support or video-related questions can not be answered.",DE,53714369,687000,618,2015-12-04T12:55:40Z,UUSJbGtTlrDami-tDGPUV9-w,2015-12-04,Germany,Other,Europe,2015,"(2010.0, 2015.0]","(683500.0, 2460000.0]"
sentdex,sentdex,UCfzlCWGWYyIQ0aLC5w48gBQ,https://www.youtube.com/c/sentdex,Male,14,"Python Programming tutorials, going further than just the basics. Learn about machine learning, finance, data analysis, robotics, web development, game development and more.

I have ~1000 videos, all of which do not fit on the front page. Try searching on the channel page, or via https://pythonprogramming.net. If you cannot find something, just ask! 

Bitcoin donations: 1GV7srgR4NJx4vrk7avCmmVQQrqmv87ty6
Paypal donations: HSKinsley@gmail.com",US,95374613,1050000,1226,2012-12-16T20:49:11Z,UUfzlCWGWYyIQ0aLC5w48gBQ,2012-12-16,United States,United States,North america,2012,"(2010.0, 2015.0]","(683500.0, 2460000.0]"
Dani,Dani,UCIabPXjvT5BVTxRDPCBBOOQ,https://www.youtube.com/c/DaniDev/featured,Male,16,haha yes games,NO,160512683,2460000,65,2018-10-17T18:40:23Z,UUIabPXjvT5BVTxRDPCBBOOQ,2018-10-17,Norway,Norway,Europe,2018,"(2015.0, 2020.0]","(683500.0, 2460000.0]"
The Coding Train,The Coding Train,UCvjgXvBlbQiydffZU7m1_aw,https://www.youtube.com/c/TheCodingTrain/videos,Male,17,"All aboard! The Coding Train is on its way with creative coding video tutorials on subjects ranging from the basics of programming languages like JavaScript to algorithmic art, machine learning, simulation, generative poetry, and more. Choo choo!",US,86904612,1280000,1117,2006-07-03T18:24:29Z,UUvjgXvBlbQiydffZU7m1_aw,2006-07-03,United States,United States,North america,2006,"(2005.999, 2010.0]","(683500.0, 2460000.0]"
Dennis Ivy,Dennis Ivy,UCTZRcDjjkVajGL6wd76UnGg,https://www.youtube.com/c/DennisIvy,Male,18,"Sharing what I know about Full Stack Web development with the primary Focus being Python, Django & Javascript at the time. I will be creating Project based tutorials for these Languages/Frameworks/Libraries along with sharing my personal experience.",US,7266335,121000,129,2017-10-24T12:05:18Z,UUTZRcDjjkVajGL6wd76UnGg,2017-10-24,United States,United States,North america,2017,"(2015.0, 2020.0]","(97250.0, 683500.0]"
CS Dojo,CS Dojo,UCxX9wt5FWQUAAz4UrysqK9A,https://www.youtube.com/channel/UCxX9wt5FWQUAAz4UrysqK9A,Male,19,"Hello! My name is YK, and I usually make videos about programming and computer science here :)

Business email: https://www.csdojo.io/contact/
The logo was made by: my friend Youdong Zhang
",CA,64562396,1680000,96,2016-02-26T01:49:30Z,UUxX9wt5FWQUAAz4UrysqK9A,2016-02-26,Canada,Canada,North america,2016,"(2015.0, 2020.0]","(683500.0, 2460000.0]"
Code with Harry,CodeWithHarry,UCeVMnSShP_Iviwkknt83cww,https://www.youtube.com/c/CodeWithHarry/featured,Male,20,"Code With Harry is my attempt to teach basics and those coding techniques to people in short time which took me ages to learn.
At Code With Harry, I provide a quick and to the point demo along with resources of anything and everything I teach. Source code and other resources are hosted on my website CodeWithHarry.com. I provide source code(if any) in the description of every video.
Quality programming videos in Hindi :)",IN,130857401,1540000,1271,2018-04-28T14:50:54Z,UUeVMnSShP_Iviwkknt83cww,2018-04-28,India,India,Asia,2018,"(2015.0, 2020.0]","(683500.0, 2460000.0]"
Kalle Hallden,Kalle Hallden,UCWr0mx597DnSGLFk1WfvSkQ,https://www.youtube.com/channel/UCWr0mx597DnSGLFk1WfvSkQ,Male,21,"Hi, I am 300 moons old. I count everything in moons, it is very confusing for people.
I like to build stuff with code so that's mostly what I do in my videos",US,33062991,514000,190,2015-10-18T20:39:56Z,UUWr0mx597DnSGLFk1WfvSkQ,2015-10-18,United States,United States,North america,2015,"(2010.0, 2015.0]","(97250.0, 683500.0]"
Fireship,Fireship,UCsBjURrPoezykLs9EqgamOA,https://m.youtube.com/channel/UCsBjURrPoezykLs9EqgamOA,Male,22,"High-intensity ‚ö° code tutorials to help you build & ship your app faster. Subscribe for new videos every week covering intermediate to advanced lessons about JavaScript, Flutter, Firebase, and modern app development.

The original home of #100SecondsOfCode and #CodeThisNotThat. Created by Jeff Delaney. 

Building an app? Get project support, advanced full courses, and more at https://fireship.io",US,46455926,723000,333,2017-04-07T18:17:23Z,UUsBjURrPoezykLs9EqgamOA,2017-04-07,United States,United States,North america,2017,"(2015.0, 2020.0]","(683500.0, 2460000.0]"
Tim Corey,IAmTimCorey,UC-ptWR16ITQyYOglXyQmpzw,https://www.youtube.com/user/IAmTimCorey,Male,23,"My goal is to make your life easier, specifically when it comes to learning software development. I remember what it was like to not know even what questions to ask. In every video I do, I try to answer those questions. You will notice that I don't usually do quick videos. That's because I would rather help you understand rather than just padding my watch percentages. If you want more in-depth training, feel free to head over to my website (https://www.iamtimcorey.com) where I have courses dedicated to C#, SQL, and more.",US,16971576,243000,276,2011-10-14T18:24:47Z,UU-ptWR16ITQyYOglXyQmpzw,2011-10-14,United States,United States,North america,2011,"(2010.0, 2015.0]","(97250.0, 683500.0]"
TechLead,TechLead,UC4xKdmAXFh4ACyhpiQ_3qBw,https://www.youtube.com/channel/UC4xKdmAXFh4ACyhpiQ_3qBw,Male,24,"Ex-Google/ex-Facebook tech lead, multi-millionaire app entrepreneur, digital nomad traveler, software engineer. ‚òïÔ∏è üëå

If you're looking for help landing a job as a software engineer, resume critique, and mentorship, join me at:
http://techinterviewpro.com/
http://coderpro.com/

Learn the secrets of YouTube success with me here:
http://youtubebackstage.com/

Add me here:
http://instagram.com/techleadhd
http://twitter.com/techleadhd
https://www.linkedin.com/in/patrickshyu/

Business Inquiries: techleadhd@gmail.com",US,90766355,1090000,281,2016-09-20T15:57:20Z,UU4xKdmAXFh4ACyhpiQ_3qBw,2016-09-20,United States,United States,North america,2016,"(2015.0, 2020.0]","(683500.0, 2460000.0]"
WesBos,Wes Bos,UCoebwHSTvwalADTJhps0emA,https://www.youtube.com/user/wesbos,Male,25,"HTML, CSS, JavaScript and WordPress web development tutorials!",CA,6822618,132000,233,2006-01-26T04:15:36Z,UUoebwHSTvwalADTJhps0emA,2006-01-26,Canada,Canada,North america,2006,"(2005.999, 2010.0]","(97250.0, 683500.0]"
Gajesh S. Naik,Gajesh S Naik,UC7PWnwwqMSqAXQkKXqxRkMw,https://youtube.com/gajeshsnaik,Male,26,"I am Gajesh Naik, 13 y/o. Besides the curriculum, I keep an interest in Computer Science and Emerging Technologies. My channel has viewership from 120+ countries across seven continents. I have learned Scratch, C, C++, Java, JSP, HTML, CSS, JavaScript, Solidity, WordPress, Web3.js and React.js

I am a propounder of open source technology including the Linux operating system. At my leisure, I experiment on the Arduino Board in my own Mini Laboratory. I have a modest collection of Books relating to Computer Science and related topics. 

For Business inquiry:
robogajesh@gmail.com",IN,537810,11100,89,2016-07-29T11:04:06Z,UU7PWnwwqMSqAXQkKXqxRkMw,2016-07-29,India,India,Asia,2016,"(2015.0, 2020.0]","(-0.001, 97250.0]"
Ben Awad,Ben Awad,UC-8QAzbLcRglXeN_MY9blyw,https://www.youtube.com/c/BenAwad97/featured,Male,27,"I'm a software developer who makes videos about React, React Native, GraphQL, Typescript, Node.js, PostgreSQL, Python, and all things coding.",US,27919674,322000,1085,2011-10-01T14:10:47Z,UU-8QAzbLcRglXeN_MY9blyw,2011-10-01,United States,United States,North america,2011,"(2010.0, 2015.0]","(97250.0, 683500.0]"
Codevolution,Codevolution,UC80PWRj_ZU8Zu0HSMNVwKWw,https://www.youtube.com/channel/UC80PWRj_ZU8Zu0HSMNVwKWw,Male,29,Tutorials on the latest tech in web development!,IN,47646233,288000,840,2015-11-20T09:21:06Z,UU80PWRj_ZU8Zu0HSMNVwKWw,2015-11-20,India,India,Asia,2015,"(2010.0, 2015.0]","(97250.0, 683500.0]"
Hussein Nasser,Hussein Nasser,UC_ML5xP23TOWKUcc-oAE_Eg,https://www.youtube.com/c/HusseinNasser-software-engineering,Male,30,"Join me as we discuss various software engineering topics with examples and adding fun elements to them. We always try to learn by example here in this educational Youtube channel which we believe is the right way to learn. I love Software engineering (especially the backend) and I strive to be a better software engineer every day. Join me on this journey and let us learn together.  

All opinions, suggestions, and tips I provide in all of this channel's content are my own. Information provided is for educational purposes only. 

Consider becoming a member to support the channel
https://www.youtube.com/channel/UC_ML5xP23TOWKUcc-oAE_Eg/join

Stay awesome!
Hussein Nasser,
http://www.husseinnasser.com
Feel free to shoot me an email h@husseinnasser.com
twitter: @hnasr",US,7217498,146000,644,2014-08-19T07:33:42Z,UU_ML5xP23TOWKUcc-oAE_Eg,2014-08-19,United States,United States,North america,2014,"(2010.0, 2015.0]","(97250.0, 683500.0]"
Dev Ed,Dev Ed,UClb90NQQcskPUGDIXsQEz5Q,https://www.youtube.com/channel/UClb90NQQcskPUGDIXsQEz5Q,Male,31,"Learn web development, web design, 3d modelling, tools like figma and more without getting bored!

The goes of this channel is to get you to become as creative you can be!

So if you like to create video games in Unity or develop an application in node.js, stick around and have fun!",RO,34508614,661000,205,2018-05-27T14:48:23Z,UUlb90NQQcskPUGDIXsQEz5Q,2018-05-27,Romania,Other,Europe,2018,"(2015.0, 2020.0]","(97250.0, 683500.0]"
Brackeys,Brackeys,UCYbK_tjZ2OrIZFBvU6CCMiA,https://www.youtube.com/c/Brackeys,Male,32,"Learn how to make video games!

Top-quality game development tutorials on everything from Unity and programming to game design. If you want to become a developer this channel will help guide you through it!

Join us on Discord: https://discord.gg/brackeys",DK,154469605,1410000,461,2012-12-22T23:21:35Z,UUYbK_tjZ2OrIZFBvU6CCMiA,2012-12-22,Denmark,Other,Europe,2012,"(2010.0, 2015.0]","(683500.0, 2460000.0]"
Rachit Jain,Rachit Jain,UC9fDC_eBh9e_bogw87DbGKQ,https://www.youtube.com/c/RachitJain,Male,33,"I am Rachit Jain, an IIT Roorkee Alumnus, and a Software Engineer at Microsoft.  

I talk about - 
1. Data Structures and Algorithms
2. Competitive Programming
3. Problem Solving
4. Motivation
5. Learning Mindset
6. Success and Winning
7. Failures and Reactions
8. Cracking Interviews

I have given lots and lots of interviews with Google, Microsoft, Goldman Sachs, Directi, Hackerrank and received job offers from all of them, except for one ;)    
I have worked with Microsoft, Flipkart, Grofers, HackerEarth, Codechef and also delivered lectures in IIIT-H about problem solving and logical reasoning.  

Subscribe, watch video and comment so that we learn from each other! 

If you want to invite me as a speaker for some event, contact me at my Facebook page, LinkedIn profile.",IN,7913906,173000,146,2015-07-01T08:17:37Z,UU9fDC_eBh9e_bogw87DbGKQ,2015-07-01,India,India,Asia,2015,"(2010.0, 2015.0]","(97250.0, 683500.0]"
Kyle Cook,Web Dev Simplified,UCFbNIlppjAuEX4znoulh0Cw,https://www.youtube.com/c/WebDevSimplified,Male,34,"Web Dev Simplified is all about teaching web development skills and techniques in an efficient and practical manner. If you are just getting started in web development Web Dev Simplified has all the tools you need to learn the newest and most popular technologies to convert you from a no stack to full stack developer. Web Dev Simplified also deep dives into advanced topics using the latest best practices for you seasoned web developers.

I started Web Dev Simplified in order to share my passion for web development, and do what I truly love. Teach and inspire new web developers. I have been in love with full stack web development since 2015 when I did my first internship as a web developer. Ever since then I have pursued my passion, learning everything there is to know about web development. Over the years I have taught many colleagues and friends the joys of web development, and cannot wait to teach you.

Thank you for watching!",US,30860644,582000,320,2018-05-24T16:26:39Z,UUFbNIlppjAuEX4znoulh0Cw,2018-05-24,United States,United States,North america,2018,"(2015.0, 2020.0]","(97250.0, 683500.0]"
Scott Hansellman,Scott Hanselman,UCL-fHOdarou-CR2XUmK48Og,https://www.youtube.com/user/shanselman,Male,35,"I'm a teacher. I speak all over to whomever will listen. I have written code that you've likely used. I've been blogging for over a decade and podcasting for about half that. I speak, code, write, empower, promote, learn and listen - usually not in that order.",US,8995924,125000,313,2006-03-15T10:14:39Z,UUL-fHOdarou-CR2XUmK48Og,2006-03-15,United States,United States,North america,2006,"(2005.999, 2010.0]","(97250.0, 683500.0]"
PortEXE,PortEXE,UCjGQyJCSU_VVMTu5nigonqg,https://www.youtube.com/channel/UCjGQyJCSU_VVMTu5nigonqg,Male,36,PortEXE is an executable port whose job is to teach you programming; no matter what your skill level is. Subscribe and be part of a growing community of people interested in software. Much more to come!,US,606212,11700,112,2017-12-03T16:54:46Z,UUjGQyJCSU_VVMTu5nigonqg,2017-12-03,United States,United States,North america,2017,"(2015.0, 2020.0]","(-0.001, 97250.0]"
Joshua Fluke,Joshua Fluke,UC-91UA-Xy2Cvb98deRXuggA,https://www.youtube.com/user/Tychos1,Male,37,I make a variety of content. I'm always having these wild ideas.,US,56407801,454000,1004,2010-03-30T16:49:47Z,UU-91UA-Xy2Cvb98deRXuggA,2010-03-30,United States,United States,North america,2010,"(2005.999, 2010.0]","(97250.0, 683500.0]"
Joma,Joma Tech,UCV0qA-eDDICsRR9rPcnG7tw,https://www.youtube.com/channel/UCV0qA-eDDICsRR9rPcnG7tw,Male,39,"I talk about life in Silicon Valley, big tech companies, data science and software engineering.

Joma Startup: A web series about me starting a startup called Notvine, an app that allows you to share 6.1 second looping videos

Follow me on:

Instagram: http://instagram.com/jomaoppa
Facebook: https://www.facebook.com/jomaoppa/
Twitter: https://twitter.com/jomaoppa
Website: https:/joma.io/

Personal Email: hello@joma.io
Business Only: business@joma.io",US,82643586,1260000,86,2016-08-31T22:22:07Z,UUV0qA-eDDICsRR9rPcnG7tw,2016-08-31,United States,United States,North america,2016,"(2015.0, 2020.0]","(683500.0, 2460000.0]"
Tren Black,Tren Black,UCSSBvqWNPq_qO3_W4EJiOAA,https://www.youtube.com/channel/UCSSBvqWNPq_qO3_W4EJiOAA,Male,40,making dumb things and sometimes complaining,US,6177337,124000,28,2019-06-24T08:19:06Z,UUSSBvqWNPq_qO3_W4EJiOAA,2019-06-24,United States,United States,North america,2019,"(2015.0, 2020.0]","(97250.0, 683500.0]"
Nick Chapsas,Nick Chapsas,UCrkPsvLGln62OMZRO6K-llg,https://www.youtube.com/c/Elfocrash,Male,41,"Microsoft MVP | Software Engineer | Blogger | OSS Maintainer

Nick is a Software Engineer living in London. He is passionate about .NET development technologies such as .NET Core and  Azure and he may or may not have a really special relationship with CosmosDB. He is an Open-Source maintainer and a technical blogger and he tends to speak about himself in the third person.",GB,3528491,50300,148,2011-11-29T12:17:30Z,UUrkPsvLGln62OMZRO6K-llg,2011-11-29,United Kingdom,United Kingdom,Europe,2011,"(2010.0, 2015.0]","(-0.001, 97250.0]"
CodingEntrepreneurs,CodingEntrepreneurs,UCWEHue8kksIaktO8KTTN_zg,https://www.youtube.com/user/CodingEntrepreneurs,Male,42,"Coding for Entrepreneurs is a Programming Series for Non-Technical Founders. Learn Django, Python, APIs, Accepting Payments, Stripe, JQuery, Twitter Bootstrap, and much more. 

Build great products with code: http://joincfe.com/

For a list of Full Premium Courses on Udemy: http://bit.ly/16u7a45
Sign up for Free on Udemy: http://bit.ly/1e4F6Wz",US,15831903,179000,671,2013-06-30T00:56:13Z,UUWEHue8kksIaktO8KTTN_zg,2013-06-30,United States,United States,North america,2013,"(2010.0, 2015.0]","(97250.0, 683500.0]"
Programming With ERik,Program With Erik,UCshZ3rdoCLjDYuTR_RBubzw,https://www.youtube.com/channel/UCshZ3rdoCLjDYuTR_RBubzw,Male,43,"My name is Erik Hanchett and I'm a web and Java developer from Reno, Nevada. I've been a programmer for many years now and I've always been wanting to give back to the community. I started this channel, and my website (www.programwitherik.com) as a way to teach people what I know. 

Surprisingly, I only started learning web development seriously in early 2015, before that I strictly programmed in Java.  I worked many nights and weekends getting up to speed and I blogged about my journey. I decided to focus on Ember.js and after about a year I wrote my first book on it! (http://goo.gl/LEIdSc  )!  Now a days I work in Ember.js/Vue.js/Phoenix and more!

Stick around this channel, I do tutorials, advice and occasionaly I vlog! If you got this far please tweet me the words ""I read it"" at twitter.com/ERIKCH - That would make my day!",US,6666152,91500,581,2013-07-05T21:44:58Z,UUshZ3rdoCLjDYuTR_RBubzw,2013-07-05,United States,United States,North america,2013,"(2010.0, 2015.0]","(-0.001, 97250.0]"
Forest Knight,ForrestKnight,UC2WHjPDvbE6O328n17ZGcfg,https://www.youtube.com/channel/UC2WHjPDvbE6O328n17ZGcfg,Male,44,"Behind the scenes of real software development. I film what I code.

üê±‚ÄçüöÄ GitHub: https://github.com/forrestknight
üé• Twitch: https://www.twitch.tv/forrestknight
üê¶ Twitter: https://www.twitter.com/forrestpknight
üì∏ Instagram: https://www.instagram.com/forrestpknight

‚öì First Supply Coffee:  https://bit.ly/firstsupplycoffee
üë®‚Äçüíª My Coding Gear:  https://bit.ly/my-coding-gear

üìì Learning Resources: 
My Favorite Machine Learning Course:  https://bit.ly/coursera-forrest
Open Source Computer Science Degree:  https://bit.ly/open-source-forrest
Python Open Source Computer Science Degree:  https://bit.ly/python-open-source
Solid for Algorithms & Coding Interviews (use code ""forrest""):  https://bit.ly/algoexpert-forrest
",US,15636029,303000,220,2016-07-01T02:50:31Z,UU2WHjPDvbE6O328n17ZGcfg,2016-07-01,United States,United States,North america,2016,"(2015.0, 2020.0]","(97250.0, 683500.0]"
Keith Galli,Keith Galli,UCq6XkhO5SZ66N04IcPbqNcw,https://www.youtube.com/c/KGMIT/featured,Male,45,"Recent MIT Graduate. I make educational videos on Computer Science, Programming,  Board Games, and more!

I found online videos to be extremely helpful as I progressed through the educational system growing up so I decided to make a channel of my own. Let me know what I should make next!

-Keith :)",US,7509282,119000,67,2016-12-27T20:18:51Z,UUq6XkhO5SZ66N04IcPbqNcw,2016-12-27,United States,United States,North america,2016,"(2015.0, 2020.0]","(97250.0, 683500.0]"
Pretty Printed,Pretty Printed,UC-QDfvrRIDB6F0bIO4I4HkQ,https://www.youtube.com/c/PrettyPrintedTutorials,Male,46,"I'm Anthony. I make programming videos.

Feel free to send any requests for videos.",US,9909751,72700,432,2015-11-18T21:40:58Z,UU-QDfvrRIDB6F0bIO4I4HkQ,2015-11-18,United States,United States,North america,2015,"(2010.0, 2015.0]","(-0.001, 97250.0]"
Derek Banas,Derek Banas,UCwRXb5dUK4cvsHbx-rGzSgw,https://www.youtube.com/c/derekbanas,Male,47,I make tutorials based on your requests. I will cover any topic you can imagine. I upload new videos everyday. I'm currently teaching a series on data science and machine learning.,US,107655257,1130000,1160,2008-08-12T15:35:35Z,UUwRXb5dUK4cvsHbx-rGzSgw,2008-08-12,United States,United States,North america,2008,"(2005.999, 2010.0]","(683500.0, 2460000.0]"
The Cherno,The Cherno,UCQ-W1KE9EYfdxhL6S4twUNw,https://www.youtube.com/c/TheChernoProject,Male,48,I like to make videos.,AU,39025282,383000,684,2012-02-23T07:29:55Z,UUQ-W1KE9EYfdxhL6S4twUNw,2012-02-23,Australia,Australia,Oceania,2012,"(2010.0, 2015.0]","(97250.0, 683500.0]"
Angelsix,AngelSix,UCJ3AxeCHGPZkMi3kRfCuiHw,https://www.youtube.com/c/AngelSix,Male,50,"I develop software and hardware systems in a huge variety of areas
 
Here is where I give away my knowledge for free. Learn anything from C# to Xamarin to soldering, hardware design and more.

www.angelsix.com",GB,7803103,51300,208,2016-12-23T10:09:26Z,UUJ3AxeCHGPZkMi3kRfCuiHw,2016-12-23,United Kingdom,United Kingdom,Europe,2016,"(2015.0, 2020.0]","(-0.001, 97250.0]"
CodingWithMitch,CodingWithMitch,UCoNZZLhPuuRteu02rh7bzsw,https://www.youtube.com/c/CodingWithMitch,Male,51,"Learning to code by making real Android projects.

Want some extra help? Check out our courses: https://codingwithmitch.com/courses/",CA,13727544,116000,684,2016-02-22T23:53:42Z,UUoNZZLhPuuRteu02rh7bzsw,2016-02-22,Canada,Canada,North america,2016,"(2015.0, 2020.0]","(97250.0, 683500.0]"
Chris Hawkes,Chris Hawkes,UCfV36TX5AejfAGIbtwTc7Zw,https://www.youtube.com/user/noobtoprofessional,Male,52,"We're going to learn about programming, web design, responsive web design, Reactjs, Django, Python, web scraping, games, forms applications and more!  Thank you for subscribing!  

Patreon - https://www.patreon.com/chrishawkes

Subscribe to my newsletter - http://codehawke.com/

Thanks, 

Chris",US,19886675,175000,994,2013-02-19T01:07:23Z,UUfV36TX5AejfAGIbtwTc7Zw,2013-02-19,United States,United States,North america,2013,"(2010.0, 2015.0]","(97250.0, 683500.0]"
Chris Coyier,Chris Coyier,UCADyUOnhyEoQqrw_RrsGleA,https://www.youtube.com/user/realcsstricks,Male,53,"This is the official YouTube channel for CSS-Tricks, a web design community curated by Chris Coyier. https://css-tricks.com",US,3651883,59600,292,2011-05-12T01:53:15Z,UUADyUOnhyEoQqrw_RrsGleA,2011-05-12,United States,United States,North america,2011,"(2010.0, 2015.0]","(-0.001, 97250.0]"
Fazt,Fazt,UCX9NJ471o7Wie1DQe94RVIg,https://www.youtube.com/channel/UCX9NJ471o7Wie1DQe94RVIg,Male,54,"Fazt es un canal en donde podr√°s encontrar una variedad de videos de programaci√≥n, desarrollo Web y muchos otros temas relacionados al mundo de la inform√°tica en general. Desde aprender las bases de un lenguaje de programacion hasta subir tu sitio o aplicaci√≥n Web. Bienvenido al mundo de la web, un mundo en el que la informaci√≥n es libre, al igual que la informaci√≥n de este canal.",PE,29814805,371000,348,2015-08-07T19:52:57Z,UUX9NJ471o7Wie1DQe94RVIg,2015-08-07,Peru,Other,South america,2015,"(2010.0, 2015.0]","(97250.0, 683500.0]"
Prajwal NH,IIMB Inventors Inventing Machine Business,UCWym_j-OGCzIfz8K4vXtU6g,https://www.youtube.com/channel/UCWym_j-OGCzIfz8K4vXtU6g,Male,55,"The IIMB stands for Inventor's Inventing Machine Business. 
This channel relates to hardware and software information provided by us. We shall provide you with a whole lot of innovative projects and ton of technical info on this channel. 
Go building.
Go inventing.

You can visit my website to know more:
https://www.prajwal-iimb.com/",IN,5709,86,24,2018-11-18T12:23:23Z,UUWym_j-OGCzIfz8K4vXtU6g,2018-11-18,India,India,Asia,2018,"(2015.0, 2020.0]","(-0.001, 97250.0]"
Life of Luba,Life of Luba,UCgzKCeDYLRzPhQ64R6AKyBQ,https://www.youtube.com/channel/UCgzKCeDYLRzPhQ64R6AKyBQ,Female,56,"I'm Luba and on my channel, you can expect things about entrepreneurship, motivation, and lifestyle! 

My goal is to help as many people as possible realize their own potential and motivate them to reach for their dreams. I also spend time singing opera, reading about productivity, and mentoring startups.

I spent the last 6 years working in tech for companies like Airbnb and Yelp, where I worked as a Software Engineer, Chief of Staff, and most recently, Product Manager.

Originally from Belarus, at the age of 17, I studied Chemical Engineering and Computer Science at the University of Waterloo in Canada and Technical University of Munich. 

Now I'm on a path to run my own businesses. Visit https://www.loka.dev/ if you want to hire the best Eastern European engineers for your fast-growing company. 

Videos come out weekly most of the time :)

Thank you for tuning in!
‚ô• Luba
",US,4924304,103000,112,2018-03-02T23:31:14Z,UUgzKCeDYLRzPhQ64R6AKyBQ,2018-03-02,United States,United States,North america,2018,"(2015.0, 2020.0]","(97250.0, 683500.0]"
chuck severance,Chuck Severance,UChYfrRp_CWyqOt-ZYJGOgmA,https://m.youtube.com/user/csev,Male,57,,US,7776775,62100,878,2006-08-19T14:24:00Z,UUhYfrRp_CWyqOt-ZYJGOgmA,2006-08-19,United States,United States,North america,2006,"(2005.999, 2010.0]","(-0.001, 97250.0]"
Will Kwan,Will Kwan,UCTjPBE9BNsmv44wgxWEy2zw,https://www.youtube.com/channel/UCTjPBE9BNsmv44wgxWEy2zw,Male,58,trying to build cool stuff but it's sometimes bad,CA,7264253,133000,32,2017-06-04T22:17:54Z,UUTjPBE9BNsmv44wgxWEy2zw,2017-06-04,Canada,Canada,North america,2017,"(2015.0, 2020.0]","(97250.0, 683500.0]"
codingphase,CodingPhase,UC46wWUso9H5KPQcoL9iE3Ug,https://www.youtube.com/codingphase,Male,59,"javascript, tutorial, javascript (programming language), learn javascript, how to, javascript tutorial, code, programming language (software genre), lesson, help, javascript tutorial for beginners, html, programming, java, css, custom, notepad, mac, windows, site, development, language, markup, text, hyper, internet, to-do, interactive, online, cambridge, quick, dynamic, program, build, from scratch, website, make, science, computer, wright",US,5362262,77000,952,2016-01-25T01:16:48Z,UU46wWUso9H5KPQcoL9iE3Ug,2016-01-25,United States,United States,North america,2016,"(2015.0, 2020.0]","(-0.001, 97250.0]"
Pasja informatyki,Pasja informatyki,UCzn6vAfspIcagLax1fck_jw,https://www.youtube.com/c/Pasjainformatykitutoriale,Male,60,"Miros≈Çaw Zelent i Damian Stelmach - zmieniamy naukƒô informatyki na bardziej przystƒôpnƒÖ. Wierzymy w nauczanie, kt√≥re rozpala pasjƒô, a nie takie, kt√≥re wynika z przymusu. Tworzymy dopracowane tutoriale video, artyku≈Çy tekstowe, podcasty, testy i zadania do rozwiƒÖzania dostƒôpne dla wszystkich za darmo. Naszym celem jest osiƒÖgaƒá wielokrotnie zadziwiajƒÖcy stopie≈Ñ przyswajalno≈õci materia≈Çu - taki, kt√≥ry pozwoli ka≈ºdemu, kto tylko zechce popracowaƒá, stawaƒá siƒô o ma≈Çy krok lepszym w tym co robi. Temat po temacie, film po filmie, wyk≈Çad po wyk≈Çadzie. 

Chcesz wesprzeƒá ten kana≈Ç? Zajrzyj tutaj: patronite.pl/pasja-informatyki
Masz pytanie dotyczƒÖce odcinka? Nie pytaj w komentarzach, zadaj je na forum: forum.pasja-informatyki.pl 
Wsp√≥≈Çpraca reklamowa: http://miroslawzelent.pl/wspolpraca/

Nie odpisujemy na pw na YT, ani na  osobistych profilach na FB. 
Kontakt (jedynie w celach biznesowych): kontakt@pasja-informatyki.pl
Nasz content dostarczamy na zasadzie ""as is"".",PL,45526551,324000,200,2012-02-05T10:44:16Z,UUzn6vAfspIcagLax1fck_jw,2012-02-05,Poland,Other,Europe,2012,"(2010.0, 2015.0]","(97250.0, 683500.0]"
Thomas Kim,Thomas Kim,UCpQ9kTWohSlFgXIKJmFc4kA,https://www.youtube.com/channel/UCpQ9kTWohSlFgXIKJmFc4kA,Male,61,For those who like programming.,KR,749633,3210,1041,2010-09-18T22:21:17Z,UUpQ9kTWohSlFgXIKJmFc4kA,2010-09-18,South Korea,Other,Asia,2010,"(2005.999, 2010.0]","(-0.001, 97250.0]"
Data School,Data School,UCnVzApLJE2ljPZSeQylSEyg,https://www.youtube.com/dataschool,Male,63,"Are you trying to learn data science so that you can get your first data science job? You're probably confused about what you're ""supposed"" to learn, and then you have the hardest time actually finding lessons you can understand!

Data School focuses you on the topics you need to master first, and offers in-depth tutorials that you can understand regardless of your educational background.

My name is Kevin Markham, and I'm the founder of Data School. I've taught data science using the Python programming language to hundreds of students in the classroom, and hundreds of thousands of students (like you) online.

Finding the right teacher was so important to my data science education, and so I sincerely hope that I can be the right data science teacher for you.

Please click the SUBSCRIBE button to be notified of my new data science tutorials! I look forward to interacting with you in the comments :)",US,8660601,176000,104,2014-04-30T18:49:17Z,UUnVzApLJE2ljPZSeQylSEyg,2014-04-30,United States,United States,North america,2014,"(2010.0, 2015.0]","(97250.0, 683500.0]"
Abhishek Thakur,Abhishek Thakur,UCBPRJjIWfyNG4X-CRbnv78A,https://www.youtube.com/c/AbhishekThakurAbhi,Male,64,"I make videos about applied machine learning, deep learning and data science.
I am the world's first 4x grandmaster on Kaggle.

Buy my book:

Original B&W Copy:
INDIA: https://bit.ly/aamlpothi
USA: https://www.amazon.com/dp/8269211508
UK: https://www.amazon.co.uk/dp/8269211508
Germany: https://www.amazon.de/dp/8269211508
France: https://www.amazon.fr/dp/8269211508
Spain: https://www.amazon.es/dp/8269211508
Italy: https://www.amazon.it/dp/8269211508
Japan: https://www.amazon.co.jp/dp/8269211508
Canada: https://www.amazon.ca/dp/8269211508


Color / special collector's edition:
INDIA: https://bit.ly/aamlpothicolor
USA: https://www.amazon.com/dp/B08DC3ZFZZ
UK: https://www.amazon.co.uk/dp/B08DC3ZFZZ
Japan: https://www.amazon.co.jp/dp/B08DC3ZFZZ
Germany: https://www.amazon.de/dp/B08DC3ZFZZ
France: https://www.amazon.fr/dp/B08DC3ZFZZ
Italy: https://www.amazon.it/dp/B08DC3ZFZZ
Spain: https://www.amazon.es/dp/B08DC3ZFZZ
Canada: https://www.amazon.ca/dp/B08DC3ZFZZ",NO,987742,48300,96,2009-05-24T11:41:32Z,UUBPRJjIWfyNG4X-CRbnv78A,2009-05-24,Norway,Norway,Europe,2009,"(2005.999, 2010.0]","(-0.001, 97250.0]"
gaurav sen,Gaurav Sen,UCRPMAqdtSgd0Ipeef7iFsKw,https://www.youtube.com/c/GauravSensei/featured,Male,65,"Algorithms and System Design makes a powerful combination! 
Here are some things I talk about: 
1) System design
2) Competitive programming
3) Artificial intelligence

Subscribe for the latest updates!
You can catch me in the links mentioned below.",IN,15329535,358000,188,2012-04-20T10:37:45Z,UURPMAqdtSgd0Ipeef7iFsKw,2012-04-20,India,India,Asia,2012,"(2010.0, 2015.0]","(97250.0, 683500.0]"
Ryan Dhungel,Ryan Dhungel,UCu47q4mYoq9t0bINCWaTsgA,https://www.youtube.com/c/narayandhungel,Male,66,"Simplified Web Development Tutorials on PHP, Laravel, Bootstrap, WordPress and more",AU,252230,2020,162,2007-03-30T18:08:53Z,UUu47q4mYoq9t0bINCWaTsgA,2007-03-30,Australia,Australia,Oceania,2007,"(2005.999, 2010.0]","(-0.001, 97250.0]"
RealTough Candy,RealToughCandy,UC54NcJvLCvM2CNaBjd5j6HA,https://www.youtube.com/channel/UC54NcJvLCvM2CNaBjd5j6HA,Female,67,"Are you ready to get into the tech industry as a software developer? You've come to the right spot! 

RealToughCandy is your home for REAL-WORLD development education. Everything I share here is based on real-life situations, and I'm here to tell you how the industry really works. I've helped over a million people and I'm excited to help millions more.

Some of the tech I feature includes HTML, CSS & JavaScript; React; PHP; Linux + LAMP stack, MERN stack & more. I also teach people how to become freelance web developers.

If you want to change your life for the better and work in an exciting, high-paying career field, subscribe NOW.

üëâüëâüëâCheck out my #1 course Freelance Newbie that has helped over a THOUSAND people start their freelance web development careers: https://realtoughcandy.io/p/freelance-newbie-become-a-freelance-web-developer

üëâüëâüëâI'm the author of FIVE TOP RATED books: https://amzn.to/2RLwsay

üëâüëâüëâ Where I review tech stuff: www.realtoughcandy.com
",US,1921572,45300,159,2015-03-25T00:36:49Z,UU54NcJvLCvM2CNaBjd5j6HA,2015-03-25,United States,United States,North america,2015,"(2010.0, 2015.0]","(-0.001, 97250.0]"
Papaya Coders,Papaya Coders,UCm8jfNyHA7FIrFdYQTOpy0g,https://youtube.com/papayacoders,Male,68,"We, Papaya Coders are trying to provide our best for your betterment. We are here for all of your programming needs. Services that we provide are:
YouTube videos for beginners in programming.
Crash courses for different technologies.
Project oriented YouTube videos
Programming guides.
An interface to solve your errors using insta-tele-whatsapp.
We also develop application and website for you using your favourite technology.
We would like to hire students as freelancers.

We all know that the time is tough. Our Doctors, Nurses, Police, Soldiers and Government are trying their best for the country. When we stand together, we win together. 
Stay home, Stay connected.
",IN,351410,3430,301,2020-03-07T09:02:15.347561Z,UUm8jfNyHA7FIrFdYQTOpy0g,2020-03-07,India,India,Asia,2020,"(2015.0, 2020.0]","(-0.001, 97250.0]"
perfect web solutions,Perfect Web Solutions,UCjM2CgqAXgXQuFjJa732IRw,https://youtube.com/perfectwebsolutions,Male,71,"Perfect web solutions provide Quality Tutorials on Web Development, Web Design, using ( WordPress, Laravel, CodeIgniter, PHP & MySQL ) and we are currently working on preparing Tutorials on Artificial Intelligence, Machine Learning using Python and Packages like Tensorflow, Keras, Pandas, NumPy and some other Cool Web Development Packages like Django and Flask.

For business inquiries: itsmeleo.qureshi@gmail.com

Visit our Fan Page on Facebook: https://www.facebook.com/pwspkjlm

Our Group on Facebook: https://www.facebook.com/groups/1279782712164479/

Visit our Fan Page on Twitter: @pwsjlmpk

Join me on Instagram: @perfectwebsolutionspk

our WhatsApp group: https://chat.whatsapp.com/6tSVUlX2ltCIsWe6b3UtlU

Visit our Website: http://www.bestsoftpro.com

Visit our Official Website: https://perfectwebsolutions.info

Thank You!
@Perfect Web Solutions",PK,2729147,28500,1286,2015-06-26T22:35:34Z,UUjM2CgqAXgXQuFjJa732IRw,2015-06-26,Pakistan,Other,Asia,2015,"(2010.0, 2015.0]","(-0.001, 97250.0]"
